cate_드레스,cate_점프수트,top_len_7부소매,top_len_긴팔,top_len_민소매,top_len_반팔,top_len_없음,top_len_캡,bottom_len_니렝스,bottom_len_맥시,bottom_len_미니,bottom_len_미디,bottom_len_발목
1,0,0,0,0,1,0,0,1,0,0,0,0
1,0,0,0,0,1,0,0,1,0,0,0,0
1,0,0,0,0,1,0,0,1,0,0,0,0
1,0,0,0,0,1,0,0,1,0,0,0,0
1,0,0,0,0,1,0,0,1,0,0,0,0
1,0,0,0,0,1,0,0,1,0,0,0,0
1,0,0,1,0,0,0,0,1,0,0,0,0
1,0,0,0,1,0,0,0,1,0,0,0,0
1,0,0,0,1,0,0,0,1,0,0,0,0
1,0,0,0,1,0,0,0,1,0,0,0,0
1,0,0,0,1,0,0,0,1,0,0,0,0
1,0,0,0,1,0,0,0,1,0,0,0,0
1,0,0,0,1,0,0,0,1,0,0,0,0
1,0,0,0,1,0,0,0,1,0,0,0,0
1,0,0,1,0,0,0,0,1,0,0,0,0
1,0,0,0,1,0,0,0,0,0,0,1,0
1,0,0,0,1,0,0,0,0,0,0,1,0
1,0,0,0,1,0,0,0,0,0,0,1,0
1,0,0,0,1,0,0,0,0,0,0,1,0
1,0,0,0,1,0,0,0,0,0,0,1,0
1,0,0,0,1,0,0,0,0,0,0,1,0
1,0,0,0,1,0,0,0,0,0,0,1,0
1,0,0,0,1,0,0,0,0,0,0,1,0
1,0,0,0,1,0,0,0,0,0,0,1,0
1,0,0,0,0,1,0,0,0,0,0,0,1
1,0,0,0,0,1,0,0,0,0,0,0,1
1,0,0,0,0,1,0,0,0,0,0,0,1
1,0,0,0,0,1,0,0,0,0,0,0,1
1,0,0,0,0,1,0,0,0,0,0,0,1
1,0,0,0,0,1,0,0,0,0,0,0,1
1,0,0,0,0,1,0,0,0,0,0,0,1
1,0,0,0,0,1,0,0,0,0,0,0,1
1,0,0,1,0,0,0,0,0,0,0,1,0
1,0,0,1,0,0,0,0,0,0,0,1,0
1,0,0,1,0,0,0,0,0,0,0,1,0
1,0,0,1,0,0,0,0,0,0,0,1,0
1,0,0,1,0,0,0,0,0,0,0,1,0
1,0,0,1,0,0,0,0,0,0,0,1,0
1,0,0,1,0,0,0,0,0,0,0,1,0
1,0,0,1,0,0,0,0,0,0,0,1,0
1,0,0,1,0,0,0,0,0,0,0,1,0
1,0,0,0,0,1,0,0,0,0,0,1,0
1,0,0,0,0,1,0,0,0,0,1,0,0
1,0,0,0,0,1,0,0,0,0,1,0,0
1,0,0,0,0,1,0,0,0,0,1,0,0
1,0,0,0,0,1,0,0,0,0,1,0,0
1,0,0,0,0,1,0,0,0,0,1,0,0
1,0,0,0,0,1,0,0,0,0,1,0,0
1,0,0,0,0,1,0,0,0,0,1,0,0
1,0,0,0,0,1,0,0,0,0,0,1,0
1,0,0,0,0,1,0,0,0,0,0,1,0
1,0,0,0,0,1,0,0,0,0,0,1,0
1,0,0,0,0,1,0,0,0,0,0,1,0
1,0,0,0,0,1,0,0,0,0,0,1,0
1,0,0,0,0,1,0,0,0,0,0,1,0
1,0,0,0,0,1,0,0,0,0,0,1,0
1,0,0,0,0,1,0,0,0,0,0,1,0
1,0,0,0,0,1,0,0,0,0,0,1,0
1,0,0,0,0,1,0,0,0,0,0,1,0
1,0,0,0,0,1,0,0,0,0,0,1,0
1,0,0,0,0,1,0,0,0,0,0,1,0
1,0,0,0,0,1,0,0,0,0,0,1,0
1,0,0,0,0,1,0,0,0,0,0,1,0
1,0,0,0,0,1,0,0,0,0,0,1,0
1,0,0,0,0,1,0,0,0,0,0,1,0
1,0,0,0,0,1,0,0,0,0,0,1,0
1,0,0,0,0,1,0,0,0,0,0,1,0
1,0,0,0,0,1,0,0,0,0,0,1,0
1,0,0,0,0,1,0,0,0,0,0,1,0
1,0,0,0,0,1,0,0,0,0,0,1,0
1,0,0,0,0,1,0,0,0,0,0,1,0
1,0,0,0,0,1,0,0,0,0,0,1,0
1,0,0,0,0,1,0,0,0,0,0,1,0
1,0,0,0,0,1,0,0,0,0,0,1,0
1,0,0,0,0,1,0,0,0,0,0,1,0
0,1,0,0,1,0,0,0,0,0,0,0,1
0,1,0,0,1,0,0,0,0,0,0,0,1
0,1,0,0,1,0,0,0,0,0,0,0,1
0,1,0,0,1,0,0,0,0,0,0,0,1
0,1,0,0,1,0,0,0,0,0,0,0,1
0,1,0,0,1,0,0,0,0,0,0,0,1
0,1,0,0,1,0,0,0,0,0,0,0,1
0,1,0,0,1,0,0,0,0,0,0,0,1
0,1,0,0,1,0,0,0,0,0,0,0,1
0,1,0,0,1,0,0,0,0,0,0,0,1
1,0,0,1,0,0,0,0,0,0,0,1,0
1,0,0,1,0,0,0,0,0,0,0,1,0
1,0,0,1,0,0,0,0,0,0,0,1,0
1,0,0,1,0,0,0,0,0,0,0,1,0
1,0,0,1,0,0,0,0,0,0,0,1,0
1,0,0,1,0,0,0,0,0,0,0,1,0
1,0,0,1,0,0,0,0,0,0,0,0,1
1,0,0,1,0,0,0,0,0,0,0,0,1
1,0,0,1,0,0,0,0,0,0,0,0,1
1,0,0,1,0,0,0,0,0,0,0,0,1
1,0,0,1,0,0,0,0,0,0,0,0,1
1,0,0,1,0,0,0,0,0,0,0,0,1
1,0,0,1,0,0,0,0,0,0,0,0,1
1,0,0,1,0,0,0,0,0,0,0,1,0
1,0,0,1,0,0,0,0,0,0,0,1,0
1,0,0,1,0,0,0,0,0,0,0,1,0
1,0,0,1,0,0,0,0,0,0,0,1,0
1,0,0,1,0,0,0,0,0,0,0,1,0
1,0,0,0,1,0,0,0,0,0,0,1,0
1,0,0,0,1,0,0,0,0,0,0,1,0
1,0,0,0,1,0,0,0,0,0,0,1,0
1,0,0,0,1,0,0,0,0,0,0,1,0
1,0,0,0,1,0,0,0,0,0,0,1,0
1,0,0,0,1,0,0,0,0,0,0,1,0
1,0,0,0,1,0,0,0,0,0,0,1,0
1,0,0,0,1,0,0,0,0,0,0,1,0
1,0,0,0,1,0,0,0,0,0,0,1,0
1,0,0,1,0,0,0,0,0,0,0,1,0
1,0,0,1,0,0,0,0,0,0,0,1,0
1,0,0,1,0,0,0,0,0,0,0,1,0
1,0,0,1,0,0,0,0,0,0,0,1,0
1,0,0,1,0,0,0,0,1,0,0,0,0
1,0,0,1,0,0,0,0,1,0,0,0,0
1,0,0,1,0,0,0,0,1,0,0,0,0
1,0,0,1,0,0,0,0,1,0,0,0,0
1,0,0,1,0,0,0,0,1,0,0,0,0
1,0,0,1,0,0,0,0,1,0,0,0,0
1,0,0,1,0,0,0,0,1,0,0,0,0
1,0,0,1,0,0,0,0,1,0,0,0,0
1,0,0,1,0,0,0,0,1,0,0,0,0
1,0,0,1,0,0,0,0,1,0,0,0,0
1,0,0,1,0,0,0,0,1,0,0,0,0
1,0,0,1,0,0,0,0,1,0,0,0,0
1,0,0,1,0,0,0,0,1,0,0,0,0
1,0,0,1,0,0,0,0,1,0,0,0,0
1,0,0,1,0,0,0,0,1,0,0,0,0
1,0,0,1,0,0,0,0,1,0,0,0,0
1,0,0,1,0,0,0,0,1,0,0,0,0
1,0,0,1,0,0,0,0,1,0,0,0,0
1,0,0,1,0,0,0,0,1,0,0,0,0
1,0,0,1,0,0,0,0,1,0,0,0,0
1,0,0,1,0,0,0,0,1,0,0,0,0
1,0,0,1,0,0,0,0,1,0,0,0,0
1,0,0,1,0,0,0,0,1,0,0,0,0
1,0,0,1,0,0,0,0,1,0,0,0,0
1,0,0,1,0,0,0,0,1,0,0,0,0
1,0,0,1,0,0,0,0,1,0,0,0,0
1,0,0,1,0,0,0,0,1,0,0,0,0
1,0,0,1,0,0,0,0,1,0,0,0,0
1,0,0,1,0,0,0,0,0,0,0,1,0
1,0,0,1,0,0,0,0,0,0,0,1,0
1,0,0,1,0,0,0,0,0,0,0,1,0
1,0,0,1,0,0,0,0,0,0,0,1,0
1,0,0,1,0,0,0,0,0,0,0,1,0
1,0,0,1,0,0,0,0,0,0,0,1,0
1,0,0,1,0,0,0,0,0,0,0,1,0
1,0,0,1,0,0,0,0,0,0,0,1,0
1,0,0,1,0,0,0,0,0,0,0,1,0
1,0,0,0,0,1,0,0,1,0,0,0,0
1,0,0,0,0,1,0,0,1,0,0,0,0
1,0,0,0,0,1,0,0,1,0,0,0,0
1,0,0,0,0,1,0,0,1,0,0,0,0
1,0,0,0,0,1,0,0,1,0,0,0,0
1,0,0,0,0,1,0,0,1,0,0,0,0
1,0,0,0,0,1,0,0,1,0,0,0,0
1,0,0,0,0,1,0,0,1,0,0,0,0
1,0,0,0,0,1,0,0,1,0,0,0,0
1,0,0,0,0,1,0,0,1,0,0,0,0
1,0,0,0,0,1,0,0,1,0,0,0,0
1,0,0,0,0,1,0,0,1,0,0,0,0
1,0,0,0,0,1,0,0,1,0,0,0,0
1,0,0,0,0,1,0,0,1,0,0,0,0
1,0,0,0,0,1,0,0,1,0,0,0,0
1,0,0,0,0,1,0,0,1,0,0,0,0
1,0,0,0,0,1,0,0,1,0,0,0,0
1,0,0,0,0,1,0,0,1,0,0,0,0
1,0,0,0,0,1,0,0,1,0,0,0,0
1,0,0,0,0,1,0,0,1,0,0,0,0
1,0,0,0,0,1,0,0,1,0,0,0,0
1,0,0,0,0,1,0,0,1,0,0,0,0
1,0,0,0,0,1,0,0,1,0,0,0,0
1,0,0,0,0,1,0,0,1,0,0,0,0
1,0,0,0,0,1,0,0,1,0,0,0,0
1,0,0,0,0,1,0,0,1,0,0,0,0
1,0,0,0,0,1,0,0,1,0,0,0,0
1,0,0,1,0,0,0,0,1,0,0,0,0
1,0,0,1,0,0,0,0,1,0,0,0,0
1,0,0,1,0,0,0,0,1,0,0,0,0
1,0,0,1,0,0,0,0,1,0,0,0,0
1,0,0,1,0,0,0,0,1,0,0,0,0
1,0,0,1,0,0,0,0,1,0,0,0,0
1,0,0,1,0,0,0,0,1,0,0,0,0
1,0,0,1,0,0,0,0,1,0,0,0,0
1,0,0,1,0,0,0,0,1,0,0,0,0
1,0,0,1,0,0,0,0,1,0,0,0,0
1,0,0,1,0,0,0,0,1,0,0,0,0
1,0,0,0,0,1,0,0,1,0,0,0,0
1,0,0,0,0,1,0,0,1,0,0,0,0
1,0,0,0,0,1,0,0,1,0,0,0,0
1,0,0,0,0,1,0,0,1,0,0,0,0
1,0,0,0,0,1,0,0,0,0,1,0,0
1,0,0,0,0,1,0,0,0,0,1,0,0
1,0,0,0,0,1,0,0,0,0,1,0,0
1,0,0,0,0,1,0,0,0,0,1,0,0
1,0,0,0,0,1,0,0,0,0,1,0,0
1,0,0,0,0,1,0,0,0,0,1,0,0
1,0,0,0,0,1,0,0,0,0,1,0,0
1,0,0,1,0,0,0,0,1,0,0,0,0
1,0,0,1,0,0,0,0,1,0,0,0,0
1,0,0,1,0,0,0,0,1,0,0,0,0
1,0,0,1,0,0,0,0,0,0,0,1,0
1,0,0,1,0,0,0,0,1,0,0,0,0
1,0,0,1,0,0,0,0,1,0,0,0,0
1,0,0,1,0,0,0,0,1,0,0,0,0
1,0,0,0,0,1,0,0,0,0,0,1,0
1,0,0,0,0,1,0,0,0,0,0,1,0
1,0,0,0,0,1,0,0,0,0,0,1,0
1,0,0,0,0,1,0,0,0,0,0,1,0
1,0,0,0,0,1,0,0,0,0,0,1,0
1,0,0,0,0,1,0,0,0,0,0,1,0
1,0,0,0,0,1,0,0,0,0,0,1,0
1,0,0,0,0,1,0,0,0,0,0,1,0
1,0,0,0,0,1,0,0,1,0,0,0,0
1,0,0,0,0,1,0,0,1,0,0,0,0
1,0,0,0,0,1,0,0,1,0,0,0,0
1,0,0,0,0,1,0,0,1,0,0,0,0
1,0,0,0,0,1,0,0,1,0,0,0,0
1,0,0,0,0,1,0,0,1,0,0,0,0
1,0,0,0,0,1,0,0,1,0,0,0,0
1,0,0,1,0,0,0,0,0,0,0,1,0
1,0,0,1,0,0,0,0,0,0,0,1,0
1,0,0,1,0,0,0,0,0,0,0,1,0
1,0,0,1,0,0,0,0,1,0,0,0,0
1,0,0,1,0,0,0,0,1,0,0,0,0
1,0,0,1,0,0,0,0,1,0,0,0,0
1,0,0,1,0,0,0,0,1,0,0,0,0
1,0,0,1,0,0,0,0,1,0,0,0,0
1,0,0,1,0,0,0,0,0,0,0,1,0
1,0,0,1,0,0,0,0,0,0,0,1,0
1,0,0,1,0,0,0,0,0,0,0,1,0
1,0,0,1,0,0,0,0,0,0,0,1,0
1,0,0,0,0,1,0,0,0,0,0,1,0
1,0,0,0,0,1,0,0,0,0,0,1,0
1,0,0,0,0,1,0,0,0,0,0,1,0
1,0,0,0,0,1,0,0,0,0,0,1,0
1,0,0,0,0,1,0,0,0,0,0,1,0
1,0,0,0,0,1,0,0,0,0,0,1,0
1,0,0,0,0,1,0,0,0,0,0,1,0
1,0,0,0,0,1,0,0,0,0,0,1,0
1,0,0,0,0,1,0,0,0,0,0,1,0
1,0,0,0,0,1,0,0,0,0,0,1,0
1,0,0,0,0,1,0,0,0,0,0,1,0
1,0,0,0,0,1,0,0,0,0,0,0,1
1,0,0,0,0,1,0,0,0,0,0,0,1
1,0,0,0,0,1,0,0,0,0,0,0,1
1,0,0,0,0,1,0,0,0,0,0,0,1
1,0,0,0,0,1,0,0,0,0,0,0,1
1,0,0,0,0,1,0,0,0,0,0,0,1
1,0,0,0,1,0,0,0,0,0,0,0,1
1,0,0,0,1,0,0,0,0,0,0,0,1
1,0,0,0,1,0,0,0,0,0,0,0,1
1,0,0,0,1,0,0,0,0,0,0,0,1
1,0,0,0,1,0,0,0,0,0,0,0,1
1,0,0,0,1,0,0,0,0,0,0,0,1
1,0,0,0,1,0,0,0,0,0,0,0,1
1,0,0,0,1,0,0,0,0,0,0,0,1
1,0,0,0,1,0,0,0,0,0,0,0,1
1,0,0,0,1,0,0,0,0,0,0,0,1
1,0,0,0,1,0,0,0,0,0,0,0,1
1,0,0,0,1,0,0,0,0,0,0,0,1
1,0,0,0,1,0,0,0,0,0,0,0,1
1,0,0,0,1,0,0,0,0,0,0,0,1
1,0,0,1,0,0,0,0,1,0,0,0,0
1,0,1,0,0,0,0,0,1,0,0,0,0
1,0,0,1,0,0,0,0,0,0,0,1,0
1,0,0,1,0,0,0,0,0,0,0,1,0
1,0,0,1,0,0,0,0,0,0,0,1,0
1,0,0,1,0,0,0,0,0,0,0,1,0
1,0,0,1,0,0,0,0,0,0,0,1,0
1,0,0,1,0,0,0,0,0,0,0,1,0
1,0,0,1,0,0,0,0,0,0,0,1,0
1,0,0,1,0,0,0,0,0,0,0,1,0
1,0,0,1,0,0,0,0,0,0,0,1,0
1,0,0,1,0,0,0,0,0,0,0,1,0
1,0,0,1,0,0,0,0,0,0,0,1,0
1,0,0,1,0,0,0,0,0,0,0,1,0
1,0,0,1,0,0,0,0,0,0,0,1,0
1,0,0,1,0,0,0,0,0,0,0,1,0
1,0,0,1,0,0,0,0,0,0,0,1,0
1,0,0,1,0,0,0,0,0,0,0,1,0
1,0,0,1,0,0,0,0,0,0,0,1,0
1,0,0,1,0,0,0,0,0,0,0,1,0
1,0,0,1,0,0,0,0,0,0,0,1,0
1,0,0,1,0,0,0,0,0,0,0,1,0
1,0,0,1,0,0,0,0,0,0,0,1,0
1,0,0,1,0,0,0,0,0,0,0,1,0
1,0,1,0,0,0,0,0,1,0,0,0,0
1,0,1,0,0,0,0,0,1,0,0,0,0
1,0,1,0,0,0,0,0,1,0,0,0,0
1,0,1,0,0,0,0,0,1,0,0,0,0
1,0,1,0,0,0,0,0,1,0,0,0,0
1,0,1,0,0,0,0,0,1,0,0,0,0
1,0,1,0,0,0,0,0,1,0,0,0,0
1,0,1,0,0,0,0,0,1,0,0,0,0
1,0,1,0,0,0,0,0,1,0,0,0,0
1,0,1,0,0,0,0,0,1,0,0,0,0
1,0,1,0,0,0,0,0,1,0,0,0,0
1,0,1,0,0,0,0,0,1,0,0,0,0
1,0,0,1,0,0,0,0,0,0,0,1,0
1,0,0,1,0,0,0,0,0,0,0,1,0
1,0,0,1,0,0,0,0,0,0,0,1,0
1,0,0,1,0,0,0,0,0,0,0,1,0
1,0,0,1,0,0,0,0,0,0,0,1,0
1,0,0,1,0,0,0,0,0,0,0,1,0
1,0,0,1,0,0,0,0,0,0,0,1,0
1,0,0,1,0,0,0,0,0,0,0,1,0
1,0,0,1,0,0,0,0,0,0,0,1,0
1,0,0,1,0,0,0,0,0,0,0,1,0
1,0,0,1,0,0,0,0,0,0,0,1,0
1,0,1,0,0,0,0,0,0,0,0,1,0
1,0,1,0,0,0,0,0,0,0,0,1,0
1,0,1,0,0,0,0,0,0,0,0,1,0
1,0,1,0,0,0,0,0,0,0,0,1,0
1,0,1,0,0,0,0,0,0,0,0,1,0
1,0,1,0,0,0,0,0,0,0,0,1,0
1,0,1,0,0,0,0,0,0,0,0,1,0
1,0,1,0,0,0,0,0,0,0,0,1,0
1,0,1,0,0,0,0,0,0,0,0,1,0
1,0,1,0,0,0,0,0,0,0,0,1,0
1,0,1,0,0,0,0,0,0,0,0,1,0
1,0,0,0,0,1,0,0,1,0,0,0,0
1,0,0,0,0,1,0,0,1,0,0,0,0
1,0,0,0,0,1,0,0,1,0,0,0,0
1,0,0,0,0,1,0,0,1,0,0,0,0
1,0,0,0,0,1,0,0,1,0,0,0,0
1,0,0,0,0,1,0,0,1,0,0,0,0
1,0,0,0,0,1,0,0,1,0,0,0,0
1,0,0,0,0,1,0,0,1,0,0,0,0
1,0,0,0,0,1,0,0,1,0,0,0,0
1,0,0,0,0,1,0,0,1,0,0,0,0
1,0,0,0,0,1,0,0,1,0,0,0,0
1,0,0,0,0,1,0,0,1,0,0,0,0
1,0,0,0,0,1,0,0,1,0,0,0,0
1,0,0,0,0,1,0,0,1,0,0,0,0
1,0,0,0,0,1,0,0,1,0,0,0,0
1,0,0,0,0,1,0,0,1,0,0,0,0
1,0,0,0,0,1,0,0,1,0,0,0,0
1,0,0,0,0,1,0,0,1,0,0,0,0
1,0,0,0,0,1,0,0,1,0,0,0,0
1,0,0,0,0,1,0,0,1,0,0,0,0
1,0,0,0,0,1,0,0,1,0,0,0,0
1,0,0,0,0,1,0,0,1,0,0,0,0
1,0,0,0,0,1,0,0,1,0,0,0,0
1,0,0,0,0,1,0,0,1,0,0,0,0
1,0,0,0,0,1,0,0,1,0,0,0,0
1,0,0,0,0,1,0,0,1,0,0,0,0
1,0,0,0,0,1,0,0,1,0,0,0,0
1,0,1,0,0,0,0,0,0,0,0,1,0
1,0,1,0,0,0,0,0,0,0,0,1,0
1,0,1,0,0,0,0,0,0,0,0,1,0
1,0,1,0,0,0,0,0,0,0,0,1,0
1,0,1,0,0,0,0,0,0,0,0,1,0
1,0,1,0,0,0,0,0,0,0,0,1,0
1,0,1,0,0,0,0,0,0,0,0,1,0
1,0,1,0,0,0,0,0,0,0,0,1,0
1,0,1,0,0,0,0,0,0,0,0,1,0
1,0,1,0,0,0,0,0,0,0,0,1,0
0,1,0,1,0,0,0,0,0,0,0,0,1
0,1,0,1,0,0,0,0,0,0,0,0,1
0,1,0,1,0,0,0,0,0,1,0,0,0
0,1,0,1,0,0,0,0,0,0,0,0,1
0,1,0,1,0,0,0,0,0,0,0,0,1
0,1,0,1,0,0,0,0,0,0,0,0,1
0,1,0,1,0,0,0,0,0,0,0,0,1
0,1,0,1,0,0,0,0,0,1,0,0,0
0,1,0,1,0,0,0,0,0,0,0,0,1
0,1,0,1,0,0,0,0,0,0,0,0,1
1,0,1,0,0,0,0,0,0,0,0,0,1
1,0,1,0,0,0,0,0,0,0,0,0,1
1,0,1,0,0,0,0,0,0,0,0,0,1
1,0,1,0,0,0,0,0,0,0,0,0,1
1,0,1,0,0,0,0,0,0,0,0,0,1
1,0,1,0,0,0,0,0,0,0,0,0,1
1,0,0,0,1,0,0,0,0,0,0,1,0
1,0,0,0,1,0,0,0,0,0,0,1,0
1,0,0,0,1,0,0,0,0,0,0,1,0
1,0,0,0,1,0,0,0,0,0,0,1,0
1,0,0,0,1,0,0,0,0,0,0,1,0
1,0,0,0,1,0,0,0,0,0,0,1,0
1,0,0,0,1,0,0,0,0,0,0,1,0
1,0,0,0,1,0,0,0,0,0,0,1,0
1,0,0,0,1,0,0,0,0,0,0,1,0
1,0,0,0,1,0,0,0,0,0,0,1,0
1,0,0,0,0,1,0,0,0,0,0,1,0
1,0,0,0,0,1,0,0,0,0,0,1,0
1,0,0,0,0,1,0,0,0,0,0,1,0
1,0,0,0,0,1,0,0,0,0,0,1,0
1,0,0,0,0,1,0,0,0,0,0,1,0
1,0,0,0,0,1,0,0,0,0,0,1,0
1,0,0,0,0,1,0,0,1,0,0,0,0
1,0,0,0,0,1,0,0,1,0,0,0,0
1,0,0,0,0,1,0,0,1,0,0,0,0
1,0,0,0,0,1,0,0,1,0,0,0,0
1,0,0,0,0,1,0,0,1,0,0,0,0
1,0,0,0,0,1,0,0,1,0,0,0,0
1,0,0,0,0,1,0,0,1,0,0,0,0
1,0,0,0,0,1,0,0,1,0,0,0,0
1,0,0,0,0,1,0,0,1,0,0,0,0
1,0,0,0,0,1,0,0,1,0,0,0,0
1,0,0,0,1,0,0,0,0,0,0,0,1
1,0,0,0,1,0,0,0,0,0,0,0,1
1,0,0,0,1,0,0,0,0,0,0,0,1
1,0,0,0,1,0,0,0,0,0,0,0,1
1,0,0,0,1,0,0,0,0,0,0,0,1
1,0,0,0,1,0,0,0,0,0,0,0,1
1,0,0,0,1,0,0,0,0,0,0,0,1
1,0,0,0,1,0,0,0,0,0,0,0,1
1,0,0,0,1,0,0,0,0,0,0,0,1
1,0,0,0,1,0,0,0,0,0,0,0,1
1,0,0,0,1,0,0,0,0,0,0,0,1
1,0,0,0,0,1,0,0,0,0,0,1,0
1,0,0,0,0,1,0,0,0,0,0,1,0
1,0,0,0,0,1,0,0,0,0,0,1,0
1,0,0,0,0,1,0,0,0,0,0,1,0
1,0,0,0,0,1,0,0,0,0,0,1,0
1,0,0,0,0,1,0,0,0,0,0,1,0
1,0,0,0,0,1,0,0,0,0,0,1,0
1,0,0,0,0,1,0,0,0,0,0,1,0
1,0,0,0,0,1,0,0,0,0,0,1,0
1,0,0,0,0,1,0,0,0,0,0,1,0
1,0,0,0,0,1,0,0,0,0,0,1,0
1,0,0,0,0,1,0,0,0,0,0,1,0
1,0,0,0,0,1,0,0,0,0,0,1,0
1,0,0,0,0,1,0,0,0,0,0,1,0
1,0,0,0,0,1,0,0,0,0,0,1,0
1,0,0,0,0,1,0,0,0,0,0,1,0
1,0,0,0,0,1,0,0,0,0,0,1,0
1,0,0,0,0,1,0,0,0,0,0,1,0
1,0,0,0,0,1,0,0,0,0,0,1,0
1,0,0,0,0,1,0,0,0,0,0,1,0
1,0,0,0,0,1,0,0,0,0,0,1,0
1,0,0,0,0,1,0,0,0,0,0,0,1
1,0,0,0,0,0,0,1,0,0,0,1,0
1,0,0,0,0,0,0,1,0,0,0,1,0
1,0,0,0,0,0,0,1,0,0,0,1,0
1,0,0,0,0,0,0,1,0,0,0,1,0
1,0,0,0,0,0,0,1,0,0,0,1,0
1,0,0,0,0,0,0,1,0,0,0,1,0
1,0,0,0,0,0,0,1,0,0,0,1,0
1,0,0,0,0,0,0,1,0,0,0,1,0
1,0,0,0,0,0,0,1,0,0,0,1,0
1,0,0,0,0,0,0,1,0,0,0,1,0
1,0,0,0,1,0,0,0,0,0,0,1,0
1,0,0,0,1,0,0,0,0,0,0,1,0
1,0,0,0,1,0,0,0,0,0,0,1,0
1,0,0,0,1,0,0,0,0,0,0,1,0
1,0,0,0,1,0,0,0,0,0,0,1,0
1,0,0,0,1,0,0,0,0,0,0,1,0
1,0,0,0,1,0,0,0,0,0,0,1,0
1,0,0,0,1,0,0,0,0,0,0,1,0
1,0,0,0,1,0,0,0,0,0,0,1,0
1,0,0,0,1,0,0,0,0,0,0,1,0
1,0,0,0,1,0,0,0,0,0,0,1,0
1,0,0,0,1,0,0,0,0,0,0,1,0
1,0,0,0,0,1,0,0,0,0,0,1,0
1,0,0,0,0,1,0,0,0,0,0,1,0
1,0,0,0,0,1,0,0,0,0,0,1,0
1,0,0,0,0,1,0,0,0,0,0,1,0
1,0,0,0,0,1,0,0,0,0,0,1,0
1,0,0,0,0,1,0,0,0,0,0,1,0
1,0,0,0,0,1,0,0,0,0,0,1,0
1,0,0,0,0,1,0,0,0,0,0,1,0
1,0,0,0,0,1,0,0,0,0,0,1,0
1,0,0,0,0,1,0,0,0,0,0,1,0
1,0,0,0,0,1,0,0,0,0,0,1,0
1,0,0,0,0,1,0,0,0,0,0,1,0
1,0,0,0,0,1,0,0,0,0,0,1,0
1,0,0,0,0,1,0,0,0,0,0,1,0
1,0,0,0,0,1,0,0,0,0,0,1,0
1,0,0,0,0,1,0,0,0,0,0,1,0
1,0,0,0,0,1,0,0,0,0,0,1,0
1,0,0,1,0,0,0,0,1,0,0,0,0
1,0,0,1,0,0,0,0,1,0,0,0,0
1,0,0,1,0,0,0,0,1,0,0,0,0
1,0,0,1,0,0,0,0,1,0,0,0,0
1,0,0,1,0,0,0,0,1,0,0,0,0
1,0,0,1,0,0,0,0,1,0,0,0,0
1,0,0,1,0,0,0,0,1,0,0,0,0
1,0,0,1,0,0,0,0,1,0,0,0,0
1,0,0,1,0,0,0,0,1,0,0,0,0
1,0,0,1,0,0,0,0,1,0,0,0,0
1,0,0,1,0,0,0,0,1,0,0,0,0
1,0,0,1,0,0,0,0,1,0,0,0,0
1,0,0,1,0,0,0,0,1,0,0,0,0
1,0,0,1,0,0,0,0,1,0,0,0,0
1,0,0,0,0,1,0,0,0,0,1,0,0
1,0,0,0,0,1,0,0,0,0,1,0,0
1,0,0,0,0,1,0,0,0,0,1,0,0
1,0,0,0,0,1,0,0,0,0,1,0,0
1,0,0,0,0,1,0,0,0,0,1,0,0
1,0,0,0,0,1,0,0,0,0,1,0,0
1,0,0,0,0,1,0,0,0,0,1,0,0
1,0,0,0,0,1,0,0,0,0,0,1,0
1,0,0,0,0,1,0,0,0,0,0,1,0
1,0,0,0,0,1,0,0,0,0,0,1,0
1,0,0,0,0,1,0,0,0,0,0,1,0
1,0,0,0,0,1,0,0,0,0,0,1,0
1,0,0,0,0,1,0,0,0,0,0,1,0
1,0,0,0,0,1,0,0,0,0,0,1,0
1,0,0,0,0,1,0,0,0,0,0,1,0
1,0,0,0,0,1,0,0,0,0,0,1,0
1,0,0,0,0,1,0,0,0,0,0,1,0
1,0,0,0,0,1,0,0,0,0,0,1,0
1,0,0,0,0,1,0,0,0,0,0,1,0
1,0,0,0,0,1,0,0,0,0,0,1,0
1,0,0,0,0,1,0,0,0,0,0,1,0
1,0,0,0,0,1,0,0,0,0,0,1,0
1,0,0,0,0,1,0,0,0,0,0,1,0
1,0,0,0,0,1,0,0,0,0,0,1,0
1,0,0,0,0,1,0,0,0,0,0,1,0
1,0,0,0,0,1,0,0,0,0,0,1,0
1,0,0,0,0,1,0,0,0,0,0,1,0
1,0,0,0,0,1,0,0,0,0,0,1,0
1,0,0,0,0,1,0,0,0,0,0,1,0
1,0,0,0,0,1,0,0,0,0,0,1,0
1,0,0,0,0,1,0,0,0,0,0,1,0
1,0,0,0,0,1,0,0,0,0,0,1,0
1,0,0,0,0,1,0,0,0,0,0,0,1
1,0,0,0,0,1,0,0,0,0,0,0,1
1,0,0,0,0,1,0,0,0,0,0,0,1
1,0,0,0,0,1,0,0,0,0,0,0,1
1,0,0,0,0,1,0,0,0,0,0,0,1
1,0,0,0,0,1,0,0,0,0,0,0,1
1,0,0,0,0,1,0,0,0,0,0,0,1
1,0,0,0,0,1,0,0,0,0,0,0,1
1,0,0,0,0,1,0,0,0,0,0,0,1
1,0,0,0,0,1,0,0,0,0,0,0,1
1,0,0,0,0,1,0,0,0,0,0,0,1
1,0,0,0,0,1,0,0,0,0,0,0,1
1,0,0,0,0,1,0,0,0,0,0,0,1
1,0,0,0,0,1,0,0,0,0,0,0,1
1,0,0,0,0,1,0,0,0,0,0,0,1
1,0,0,1,0,0,0,0,0,0,0,1,0
1,0,0,1,0,0,0,0,0,0,0,1,0
1,0,0,1,0,0,0,0,1,0,0,0,0
1,0,0,1,0,0,0,0,1,0,0,0,0
1,0,0,1,0,0,0,0,1,0,0,0,0
1,0,0,1,0,0,0,0,1,0,0,0,0
1,0,0,1,0,0,0,0,1,0,0,0,0
1,0,0,1,0,0,0,0,1,0,0,0,0
1,0,0,1,0,0,0,0,1,0,0,0,0
1,0,0,1,0,0,0,0,1,0,0,0,0
1,0,0,1,0,0,0,0,1,0,0,0,0
1,0,0,1,0,0,0,0,1,0,0,0,0
1,0,1,0,0,0,0,0,0,0,0,1,0
1,0,1,0,0,0,0,0,0,0,0,1,0
1,0,1,0,0,0,0,0,0,0,0,1,0
1,0,0,0,0,1,0,0,0,0,0,1,0
1,0,1,0,0,0,0,0,0,0,0,1,0
1,0,0,0,1,0,0,0,1,0,0,0,0
1,0,0,0,1,0,0,0,1,0,0,0,0
1,0,0,0,1,0,0,0,1,0,0,0,0
1,0,0,0,1,0,0,0,1,0,0,0,0
1,0,0,0,1,0,0,0,1,0,0,0,0
1,0,0,0,1,0,0,0,1,0,0,0,0
1,0,0,0,1,0,0,0,1,0,0,0,0
1,0,0,0,1,0,0,0,1,0,0,0,0
1,0,0,0,1,0,0,0,1,0,0,0,0
1,0,0,0,1,0,0,0,1,0,0,0,0
1,0,0,0,1,0,0,0,1,0,0,0,0
1,0,0,1,0,0,0,0,0,0,1,0,0
1,0,0,1,0,0,0,0,0,0,1,0,0
1,0,0,1,0,0,0,0,0,0,1,0,0
1,0,0,1,0,0,0,0,0,0,1,0,0
1,0,0,1,0,0,0,0,0,0,1,0,0
1,0,0,1,0,0,0,0,0,0,1,0,0
1,0,0,1,0,0,0,0,0,0,1,0,0
1,0,0,1,0,0,0,0,0,0,1,0,0
1,0,0,1,0,0,0,0,0,0,1,0,0
1,0,0,1,0,0,0,0,0,0,1,0,0
1,0,0,1,0,0,0,0,0,0,1,0,0
1,0,0,1,0,0,0,0,0,0,1,0,0
1,0,0,1,0,0,0,0,0,0,1,0,0
1,0,0,1,0,0,0,0,0,0,1,0,0
1,0,0,1,0,0,0,0,0,0,1,0,0
1,0,0,1,0,0,0,0,0,0,1,0,0
1,0,0,1,0,0,0,0,0,0,1,0,0
1,0,0,1,0,0,0,0,0,0,1,0,0
1,0,0,1,0,0,0,0,0,0,1,0,0
1,0,0,1,0,0,0,0,0,0,1,0,0
1,0,0,1,0,0,0,0,0,0,1,0,0
1,0,0,1,0,0,0,0,0,0,1,0,0
1,0,0,1,0,0,0,0,0,0,1,0,0
1,0,0,1,0,0,0,0,0,0,1,0,0
1,0,0,1,0,0,0,0,0,0,1,0,0
1,0,0,1,0,0,0,0,0,0,1,0,0
1,0,0,1,0,0,0,0,0,0,1,0,0
1,0,0,1,0,0,0,0,0,0,1,0,0
1,0,0,1,0,0,0,0,0,0,1,0,0
1,0,0,1,0,0,0,0,0,0,1,0,0
1,0,0,1,0,0,0,0,0,0,1,0,0
1,0,0,1,0,0,0,0,0,0,1,0,0
1,0,0,1,0,0,0,0,0,0,1,0,0
1,0,0,1,0,0,0,0,0,0,1,0,0
1,0,0,1,0,0,0,0,0,0,1,0,0
1,0,0,1,0,0,0,0,0,0,1,0,0
1,0,0,1,0,0,0,0,0,0,1,0,0
1,0,0,1,0,0,0,0,0,0,1,0,0
1,0,0,1,0,0,0,0,0,0,1,0,0
1,0,0,0,0,0,0,1,1,0,0,0,0
1,0,0,0,0,0,0,1,1,0,0,0,0
1,0,0,0,0,0,0,1,1,0,0,0,0
1,0,0,1,0,0,0,0,0,0,1,0,0
1,0,0,1,0,0,0,0,0,0,1,0,0
1,0,0,1,0,0,0,0,0,0,1,0,0
1,0,0,0,0,0,0,1,1,0,0,0,0
1,0,0,1,0,0,0,0,0,0,1,0,0
1,0,0,1,0,0,0,0,0,0,1,0,0
1,0,0,1,0,0,0,0,0,0,1,0,0
1,0,0,1,0,0,0,0,0,0,1,0,0
1,0,0,1,0,0,0,0,0,0,1,0,0
1,0,0,0,1,0,0,0,0,0,1,0,0
1,0,0,0,1,0,0,0,0,0,1,0,0
1,0,0,0,1,0,0,0,0,0,1,0,0
1,0,0,0,1,0,0,0,0,0,1,0,0
1,0,0,0,1,0,0,0,0,0,1,0,0
1,0,0,0,1,0,0,0,0,0,1,0,0
1,0,0,0,1,0,0,0,0,0,1,0,0
1,0,0,0,1,0,0,0,0,0,1,0,0
1,0,0,0,1,0,0,0,0,0,1,0,0
1,0,0,0,1,0,0,0,0,0,1,0,0
1,0,0,0,1,0,0,0,0,0,1,0,0
1,0,0,1,0,0,0,0,1,0,0,0,0
1,0,0,1,0,0,0,0,1,0,0,0,0
1,0,0,1,0,0,0,0,1,0,0,0,0
1,0,0,1,0,0,0,0,1,0,0,0,0
1,0,0,1,0,0,0,0,1,0,0,0,0
1,0,0,1,0,0,0,0,1,0,0,0,0
1,0,0,1,0,0,0,0,1,0,0,0,0
1,0,0,1,0,0,0,0,1,0,0,0,0
1,0,0,1,0,0,0,0,1,0,0,0,0
1,0,0,1,0,0,0,0,1,0,0,0,0
1,0,0,1,0,0,0,0,1,0,0,0,0
1,0,0,1,0,0,0,0,1,0,0,0,0
1,0,0,1,0,0,0,0,1,0,0,0,0
1,0,0,1,0,0,0,0,1,0,0,0,0
1,0,0,1,0,0,0,0,0,0,1,0,0
1,0,0,1,0,0,0,0,0,0,1,0,0
1,0,0,1,0,0,0,0,0,0,1,0,0
1,0,0,1,0,0,0,0,0,0,1,0,0
1,0,0,1,0,0,0,0,0,0,1,0,0
1,0,0,1,0,0,0,0,0,0,1,0,0
1,0,0,1,0,0,0,0,0,0,1,0,0
1,0,0,1,0,0,0,0,0,0,1,0,0
1,0,0,1,0,0,0,0,0,0,1,0,0
1,0,0,1,0,0,0,0,0,0,1,0,0
1,0,0,1,0,0,0,0,0,0,1,0,0
1,0,0,1,0,0,0,0,0,0,1,0,0
1,0,0,1,0,0,0,0,1,0,0,0,0
1,0,0,1,0,0,0,0,1,0,0,0,0
1,0,0,1,0,0,0,0,0,0,1,0,0
1,0,0,1,0,0,0,0,1,0,0,0,0
1,0,0,1,0,0,0,0,1,0,0,0,0
1,0,0,1,0,0,0,0,1,0,0,0,0
1,0,0,1,0,0,0,0,1,0,0,0,0
1,0,0,1,0,0,0,0,1,0,0,0,0
1,0,0,1,0,0,0,0,1,0,0,0,0
1,0,0,0,0,1,0,0,0,0,0,1,0
1,0,0,0,0,1,0,0,0,0,0,1,0
1,0,0,0,0,1,0,0,0,0,0,1,0
1,0,0,0,0,1,0,0,0,0,0,1,0
1,0,0,1,0,0,0,0,0,0,0,1,0
1,0,0,1,0,0,0,0,0,0,0,1,0
1,0,0,1,0,0,0,0,0,0,0,1,0
1,0,0,1,0,0,0,0,0,0,0,1,0
1,0,0,1,0,0,0,0,0,0,0,1,0
1,0,0,1,0,0,0,0,0,0,0,1,0
1,0,0,1,0,0,0,0,0,0,0,1,0
0,1,0,0,0,1,0,0,0,0,0,1,0
0,1,0,0,0,1,0,0,0,0,0,1,0
0,1,0,0,0,1,0,0,0,0,0,1,0
0,1,0,0,0,1,0,0,0,0,0,1,0
0,1,0,0,0,1,0,0,0,0,0,1,0
0,1,0,0,0,1,0,0,0,0,0,1,0
0,1,0,0,0,1,0,0,0,0,0,1,0
1,0,0,0,0,1,0,0,0,0,0,1,0
1,0,0,0,0,1,0,0,0,0,0,1,0
1,0,0,0,0,1,0,0,0,0,0,1,0
1,0,0,0,0,1,0,0,0,0,0,1,0
1,0,0,0,0,1,0,0,0,0,0,1,0
1,0,0,0,0,1,0,0,0,0,0,1,0
1,0,0,0,0,1,0,0,0,0,0,1,0
1,0,0,0,0,1,0,0,0,0,0,1,0
1,0,0,0,0,1,0,0,0,0,0,1,0
1,0,0,0,0,1,0,0,0,0,0,1,0
1,0,0,0,0,1,0,0,0,0,0,1,0
1,0,0,0,0,1,0,0,0,0,0,1,0
1,0,0,0,0,1,0,0,0,0,0,1,0
1,0,0,0,0,1,0,0,0,0,0,1,0
1,0,0,0,0,1,0,0,0,0,0,1,0
1,0,0,0,0,1,0,0,0,0,0,1,0
0,1,0,0,0,0,1,0,0,1,0,0,0
1,0,0,0,0,1,0,0,0,0,0,1,0
1,0,0,0,0,1,0,0,0,0,0,1,0
1,0,0,0,0,1,0,0,0,0,0,1,0
1,0,0,0,0,1,0,0,0,0,0,1,0
1,0,0,0,0,1,0,0,0,0,0,1,0
1,0,0,0,0,1,0,0,0,0,0,1,0
